Date,State,Confirmed,Death,Recovered,State_name
01-Aug-20,AN,88,2,12,Andaman and Nicobar Islands
01-Aug-20,AS,1457,3,1085,Assam
01-Aug-20,CH,28,3,16,Chandigarh
01-Aug-20,CT,235,1,380,Chhattisgarh
01-Aug-20,DL,1118,26,1201,Delhi
01-Aug-20,GA,280,3,227,Goa
01-Aug-20,GJ,1136,24,875,Gujarat
01-Aug-20,HR,793,7,853,Haryana
01-Aug-20,JH,790,8,170,Jharkhand
01-Aug-20,JK,613,11,654,Jammu and Kashmir
01-Aug-20,KL,1129,8,752,Kerala
01-Aug-20,MN,135,1,10,Manipur
01-Aug-20,MP,808,9,698,Madhya Pradesh
01-Aug-20,OR,1602,11,756,Odisha
01-Aug-20,PB,944,19,341,Punjab
01-Aug-20,PY,134,2,98,Puducherry
01-Aug-20,RJ,1160,14,823,Rajasthan
01-Aug-20,TG,2083,11,1114,Telangana
01-Aug-20,TR,252,2,136,Tripura
01-Aug-20,UT,264,3,162,Uttarakhand
01-Jul-20,AP,657,6,477,Andhra Pradesh
01-Jul-20,BR,216,5,267,Bihar
01-Jul-20,CT,82,1,53,Chhattisgarh
01-Jul-20,GA,72,1,74,Goa
01-Jul-20,GJ,675,21,368,Gujarat
01-Jul-20,HR,393,4,527,Haryana
01-Jul-20,JK,198,4,134,Jammu and Kashmir
01-Jul-20,KA,1272,7,145,Karnataka
01-Jul-20,KL,151,1,132,Kerala
01-Jul-20,MP,268,9,260,Madhya Pradesh
01-Jul-20,OR,251,1,164,Odisha
01-Jul-20,PB,100,5,122,Punjab
01-Jul-20,RJ,304,8,354,Rajasthan
01-Jul-20,TG,1018,7,788,Telangana
01-Jul-20,UP,564,21,545,Uttar Pradesh
01-Jul-20,WB,611,15,398,West Bengal
01-Jun-20,AP,105,2,34,Andhra Pradesh
01-Jun-20,GJ,423,25,861,Gujarat
01-Jun-20,HR,265,1,7,Haryana
01-Jun-20,JK,155,3,19,Jammu and Kashmir
01-Jun-20,KA,187,1,100,Karnataka
01-Jun-20,KL,57,1,18,Kerala
01-Jun-20,MP,194,8,161,Madhya Pradesh
01-Jun-20,RJ,269,5,181,Rajasthan
01-Jun-20,TG,94,6,63,Telangana
01-Jun-20,TN,1162,11,413,Tamil Nadu
01-Jun-20,UP,286,5,187,Uttar Pradesh
01-Jun-20,WB,271,8,149,West Bengal
01-May-20,AP,60,2,82,Andhra Pradesh
01-May-20,BR,41,1,14,Bihar
01-May-20,DL,223,2,73,Delhi
01-May-20,GJ,326,22,123,Gujarat
01-May-20,MH,1008,26,106,Maharashtra
01-May-20,MP,90,8,42,Madhya Pradesh
01-May-20,RJ,82,4,223,Rajasthan
01-May-20,TN,203,1,54,Tamil Nadu
01-May-20,UP,117,2,103,Uttar Pradesh
01-May-20,WB,37,8,15,West Bengal
02-Apr-20,DL,141,2,2,Delhi
02-Apr-20,GJ,1,1,5,Gujarat
02-Apr-20,MH,88,8,3,Maharashtra
02-Aug-20,AN,98,1,16,Andaman and Nicobar Islands
02-Aug-20,AS,1178,4,942,Assam
02-Aug-20,CH,38,1,15,Chandigarh
02-Aug-20,CT,181,3,381,Chhattisgarh
02-Aug-20,DL,961,15,1186,Delhi
02-Aug-20,GA,337,5,230,Goa
02-Aug-20,GJ,1101,22,805,Gujarat
02-Aug-20,HR,761,5,610,Haryana
02-Aug-20,JH,455,4,169,Jharkhand
02-Aug-20,JK,444,8,256,Jammu and Kashmir
02-Aug-20,KL,1169,1,688,Kerala
02-Aug-20,MN,75,1,38,Manipur
02-Aug-20,MP,921,10,581,Madhya Pradesh
02-Aug-20,OR,1434,11,681,Odisha
02-Aug-20,PB,790,18,391,Punjab
02-Aug-20,PY,200,1,111,Puducherry
02-Aug-20,RJ,1167,12,548,Rajasthan
02-Aug-20,TG,1891,10,1088,Telangana
02-Aug-20,TR,141,4,142,Tripura
02-Aug-20,UT,146,3,107,Uttarakhand
02-Jul-20,AP,845,5,325,Andhra Pradesh
02-Jul-20,AS,479,2,275,Assam
02-Jul-20,BR,478,5,183,Bihar
02-Jul-20,GJ,681,19,563,Gujarat
02-Jul-20,HR,568,11,520,Haryana
02-Jul-20,JK,154,10,118,Jammu and Kashmir
02-Jul-20,KA,1502,19,271,Karnataka
02-Jul-20,MP,245,8,160,Madhya Pradesh
02-Jul-20,OR,229,2,149,Odisha
02-Jul-20,PB,116,3,155,Punjab
02-Jul-20,RJ,350,9,374,Rajasthan
02-Jul-20,TG,1213,8,987,Telangana
02-Jul-20,UP,769,17,592,Uttar Pradesh
02-Jul-20,UT,37,1,88,Uttarakhand
02-Jul-20,WB,649,16,509,West Bengal
02-Jun-20,BR,151,1,62,Bihar
02-Jun-20,CT,15,1,9,Chhattisgarh
02-Jun-20,DL,1298,33,497,Delhi
02-Jun-20,GJ,415,29,1114,Gujarat
02-Jun-20,HR,296,2,14,Haryana
02-Jun-20,JK,117,2,7,Jammu and Kashmir
02-Jun-20,KL,86,1,19,Kerala
02-Jun-20,MP,137,6,218,Madhya Pradesh
02-Jun-20,PB,41,2,17,Punjab
02-Jun-20,RJ,273,4,222,Rajasthan
02-Jun-20,TG,99,4,35,Telangana
02-Jun-20,TN,1091,13,536,Tamil Nadu
02-Jun-20,UP,368,7,146,Uttar Pradesh
02-Jun-20,UT,84,2,30,Uttarakhand
02-Jun-20,WB,396,10,104,West Bengal
02-May-20,BR,15,1,19,Bihar
02-May-20,DL,384,3,89,Delhi
02-May-20,GJ,333,26,160,Gujarat
02-May-20,HR,19,1,1,Haryana
02-May-20,KA,12,3,20,Karnataka
02-May-20,MH,790,36,121,Maharashtra
02-May-20,MP,73,6,100,Madhya Pradesh
02-May-20,RJ,106,6,126,Rajasthan
02-May-20,TG,17,1,35,Telangana
02-May-20,TN,231,1,29,Tamil Nadu
02-May-20,UP,159,1,44,Uttar Pradesh
02-May-20,WB,127,7,12,West Bengal
03-Apr-20,MH,64,5,8,Maharashtra
03-Apr-20,TG,75,2,15,Telangana
03-Aug-20,AN,96,2,21,Andaman and Nicobar Islands
03-Aug-20,AS,2371,4,1044,Assam
03-Aug-20,CT,212,3,265,Chhattisgarh
03-Aug-20,DL,805,17,937,Delhi
03-Aug-20,GA,286,3,208,Goa
03-Aug-20,GJ,1009,22,974,Gujarat
03-Aug-20,HR,654,7,780,Haryana
03-Aug-20,JH,941,7,112,Jharkhand
03-Aug-20,JK,590,11,905,Jammu and Kashmir
03-Aug-20,KL,961,2,815,Kerala
03-Aug-20,MP,750,14,549,Madhya Pradesh
03-Aug-20,OR,1384,12,1119,Odisha
03-Aug-20,PB,674,19,416,Punjab
03-Aug-20,PY,176,4,102,Puducherry
03-Aug-20,RJ,1145,13,835,Rajasthan
03-Aug-20,TG,983,11,1019,Telangana
03-Aug-20,UT,207,4,101,Uttarakhand
03-Jul-20,AP,837,8,319,Andhra Pradesh
03-Jul-20,BR,426,6,217,Bihar
03-Jul-20,GJ,687,18,340,Gujarat
03-Jul-20,HR,494,4,672,Haryana
03-Jul-20,JK,170,4,101,Jammu and Kashmir
03-Jul-20,KA,1694,21,471,Karnataka
03-Jul-20,MP,191,4,234,Madhya Pradesh
03-Jul-20,OR,561,2,203,Odisha
03-Jul-20,PB,153,5,122,Punjab
03-Jul-20,PY,22,1,53,Puducherry
03-Jul-20,RJ,390,10,333,Rajasthan
03-Jul-20,TG,1892,8,1126,Telangana
03-Jul-20,UP,972,14,376,Uttar Pradesh
03-Jul-20,WB,669,18,534,West Bengal
03-Jun-20,AP,180,4,50,Andhra Pradesh
03-Jun-20,BR,230,1,222,Bihar
03-Jun-20,GJ,485,30,318,Gujarat
03-Jun-20,JK,139,1,54,Jammu and Kashmir
03-Jun-20,KA,267,1,111,Karnataka
03-Jun-20,MP,168,7,224,Madhya Pradesh
03-Jun-20,PB,34,1,12,Punjab
03-Jun-20,RJ,279,6,309,Rajasthan
03-Jun-20,TG,129,7,30,Telangana
03-Jun-20,TN,1286,8,610,Tamil Nadu
03-Jun-20,UP,141,1,81,Uttar Pradesh
03-Jun-20,UT,42,1,7,Uttarakhand
03-Jun-20,WB,340,10,170,West Bengal
03-May-20,GJ,374,28,146,Gujarat
03-May-20,MH,678,27,115,Maharashtra
03-May-20,MP,49,5,174,Madhya Pradesh
03-May-20,PB,330,1,5,Punjab
03-May-20,RJ,114,3,114,Rajasthan
03-May-20,TN,266,1,38,Tamil Nadu
04-Apr-20,GJ,13,1,3,Gujarat
04-Apr-20,MH,148,6,2,Maharashtra
04-Apr-20,RJ,27,1,22,Rajasthan
04-Apr-20,TN,74,2,2,Tamil Nadu
04-Aug-20,AN,98,2,14,Andaman and Nicobar Islands
04-Aug-20,CH,46,1,9,Chandigarh
04-Aug-20,CT,382,8,357,Chhattisgarh
04-Aug-20,DL,674,12,972,Delhi
04-Aug-20,GA,259,4,238,Goa
04-Aug-20,GJ,1020,25,898,Gujarat
04-Aug-20,HR,623,8,756,Haryana
04-Aug-20,JH,570,4,405,Jharkhand
04-Aug-20,JK,390,10,824,Jammu and Kashmir
04-Aug-20,KL,1083,3,1021,Kerala
04-Aug-20,MP,797,12,1315,Madhya Pradesh
04-Aug-20,OR,1384,10,1409,Odisha
04-Aug-20,PB,488,20,609,Punjab
04-Aug-20,PY,165,2,126,Puducherry
04-Aug-20,RJ,1124,13,781,Rajasthan
04-Aug-20,TG,1286,12,1066,Telangana
04-Aug-20,TR,131,1,70,Tripura
04-Aug-20,UT,208,5,309,Uttarakhand
04-Jul-20,AP,765,12,376,Andhra Pradesh
04-Jul-20,BR,349,4,277,Bihar
04-Jul-20,GA,108,2,53,Goa
04-Jul-20,GJ,712,21,473,Gujarat
04-Jul-20,HP,13,1,25,Himachal Pradesh
04-Jul-20,HR,545,5,566,Haryana
04-Jul-20,JH,42,3,34,Jharkhand
04-Jul-20,JK,227,8,68,Jammu and Kashmir
04-Jul-20,KA,1839,42,439,Karnataka
04-Jul-20,MP,307,5,185,Madhya Pradesh
04-Jul-20,OR,495,6,229,Odisha
04-Jul-20,PB,172,5,40,Punjab
04-Jul-20,PY,80,1,21,Puducherry
04-Jul-20,RJ,480,7,359,Rajasthan
04-Jul-20,TG,1850,5,1342,Telangana
04-Jul-20,UP,757,24,557,Uttar Pradesh
04-Jul-20,WB,743,19,595,West Bengal
04-Jun-20,AP,141,3,65,Andhra Pradesh
04-Jun-20,BR,126,3,95,Bihar
04-Jun-20,GJ,492,33,455,Gujarat
04-Jun-20,HR,327,1,34,Haryana
04-Jun-20,JH,63,1,69,Jharkhand
04-Jun-20,JK,285,1,41,Jammu and Kashmir
04-Jun-20,KA,257,4,106,Karnataka
04-Jun-20,KL,94,3,39,Kerala
04-Jun-20,MP,174,6,192,Madhya Pradesh
04-Jun-20,RJ,210,4,360,Rajasthan
04-Jun-20,TG,127,6,31,Telangana
04-Jun-20,TN,1384,15,585,Tamil Nadu
04-Jun-20,UP,367,15,182,Uttar Pradesh
04-Jun-20,UT,68,2,38,Uttarakhand
04-Jun-20,WB,368,10,188,West Bengal
04-May-20,GJ,376,29,153,Gujarat
04-May-20,HR,75,1,9,Haryana
04-May-20,KA,37,2,28,Karnataka
04-May-20,MH,1567,35,350,Maharashtra
04-May-20,MP,105,9,58,Madhya Pradesh
04-May-20,PB,130,2,11,Punjab
04-May-20,RJ,175,6,82,Rajasthan
04-May-20,TN,527,1,30,Tamil Nadu
04-May-20,UP,121,7,48,Uttar Pradesh
04-May-20,WB,61,11,86,West Bengal
05-Apr-20,GJ,20,1,8,Gujarat
05-Apr-20,MH,112,13,4,Maharashtra
05-Apr-20,MP,14,2,3,Madhya Pradesh
05-Apr-20,PB,3,2,1,Punjab
05-Aug-20,AN,99,2,49,Andaman and Nicobar Islands
05-Aug-20,AS,2284,6,1471,Assam
05-Aug-20,CT,295,2,258,Chhattisgarh
05-Aug-20,DL,1076,11,890,Delhi
05-Aug-20,GA,348,4,173,Goa
05-Aug-20,GJ,1073,23,1046,Gujarat
05-Aug-20,HR,688,7,734,Haryana
05-Aug-20,JH,978,7,627,Jharkhand
05-Aug-20,JK,559,9,388,Jammu and Kashmir
05-Aug-20,KL,1195,7,1234,Kerala
05-Aug-20,MP,652,17,650,Madhya Pradesh
05-Aug-20,NL,93,2,26,Nagaland
05-Aug-20,OR,1337,11,1255,Odisha
05-Aug-20,PB,841,29,452,Punjab
05-Aug-20,PY,286,7,131,Puducherry
05-Aug-20,RJ,1166,13,1017,Rajasthan
05-Aug-20,TG,2012,13,1139,Telangana
05-Aug-20,TR,122,2,50,Tripura
05-Aug-20,UT,246,3,386,Uttarakhand
05-Jul-20,AP,998,14,414,Andhra Pradesh
05-Jul-20,BR,403,2,277,Bihar
05-Jul-20,GA,77,1,111,Goa
05-Jul-20,GJ,725,18,486,Gujarat
05-Jul-20,HR,457,5,687,Haryana
05-Jul-20,JH,68,1,10,Jharkhand
05-Jul-20,JK,183,5,112,Jammu and Kashmir
05-Jul-20,KA,1925,37,603,Karnataka
05-Jul-20,MP,326,10,177,Madhya Pradesh
05-Jul-20,OR,469,3,290,Odisha
05-Jul-20,PB,174,2,102,Punjab
05-Jul-20,RJ,632,9,288,Rajasthan
05-Jul-20,TG,1590,7,1166,Telangana
05-Jul-20,UP,1153,12,607,Uttar Pradesh
05-Jul-20,WB,895,21,545,West Bengal
05-Jun-20,AP,138,2,36,Andhra Pradesh
05-Jun-20,BR,146,1,113,Bihar
05-Jun-20,GJ,510,35,344,Gujarat
05-Jun-20,JH,95,1,69,Jharkhand
05-Jun-20,JK,182,1,38,Jammu and Kashmir
05-Jun-20,MP,234,7,241,Madhya Pradesh
05-Jun-20,OR,130,1,123,Odisha
05-Jun-20,PB,46,1,26,Punjab
05-Jun-20,RJ,222,5,255,Rajasthan
05-Jun-20,TG,143,8,40,Telangana
05-Jun-20,TN,1438,12,861,Tamil Nadu
05-Jun-20,UP,496,12,209,Uttar Pradesh
05-Jun-20,UT,62,1,47,Uttarakhand
05-Jun-20,WB,427,11,144,West Bengal
05-May-20,AP,67,1,65,Andhra Pradesh
05-May-20,KA,22,2,10,Karnataka
05-May-20,MH,984,34,354,Maharashtra
05-May-20,MP,107,11,144,Madhya Pradesh
05-May-20,PB,219,2,5,Punjab
05-May-20,RJ,97,12,87,Rajasthan
05-May-20,TN,508,2,76,Tamil Nadu
05-May-20,UP,114,6,185,Uttar Pradesh
05-May-20,WB,85,7,46,West Bengal
06-Apr-20,GJ,18,1,1,Gujarat
06-Apr-20,MH,121,7,14,Maharashtra
06-Apr-20,MP,63,2,8,Madhya Pradesh
06-Apr-20,TN,50,1,5,Tamil Nadu
06-Aug-20,AN,96,2,29,Andaman and Nicobar Islands
06-Aug-20,AS,2372,5,1332,Assam
06-Aug-20,CT,523,6,217,Chhattisgarh
06-Aug-20,DL,1299,15,1008,Delhi
06-Aug-20,GA,191,2,166,Goa
06-Aug-20,GJ,1034,27,917,Gujarat
06-Aug-20,HR,755,3,680,Haryana
06-Aug-20,JH,708,9,768,Jharkhand
06-Aug-20,JK,499,10,464,Jammu and Kashmir
06-Aug-20,KL,1298,3,800,Kerala
06-Aug-20,MN,124,1,43,Manipur
06-Aug-20,MP,830,17,838,Madhya Pradesh
06-Aug-20,OR,1699,11,1150,Odisha
06-Aug-20,PB,1035,26,716,Punjab
06-Aug-20,PY,188,5,140,Puducherry
06-Aug-20,RJ,1151,12,1282,Rajasthan
06-Aug-20,TG,2092,13,1289,Telangana
06-Aug-20,TR,98,1,68,Tripura
06-Aug-20,UT,369,4,194,Uttarakhand
06-Jul-20,AP,1322,7,498,Andhra Pradesh
06-Jul-20,AR,1,1,14,Arunachal Pradesh
06-Jul-20,BR,280,7,249,Bihar
06-Jul-20,GJ,735,17,423,Gujarat
06-Jul-20,HR,499,11,391,Haryana
06-Jul-20,JH,47,1,23,Jharkhand
06-Jul-20,JK,246,6,63,Jammu and Kashmir
06-Jul-20,KA,1843,30,680,Karnataka
06-Jul-20,KL,193,2,167,Kerala
06-Jul-20,MP,354,9,168,Madhya Pradesh
06-Jul-20,OR,456,2,262,Odisha
06-Jul-20,PB,208,5,86,Punjab
06-Jul-20,RJ,524,5,350,Rajasthan
06-Jul-20,UP,929,24,348,Uttar Pradesh
06-Jul-20,WB,861,22,524,West Bengal
06-Jun-20,CT,60,2,28,Chhattisgarh
06-Jun-20,GJ,498,29,313,Gujarat
06-Jun-20,JK,143,3,40,Jammu and Kashmir
06-Jun-20,KA,378,2,280,Karnataka
06-Jun-20,KL,108,1,50,Kerala
06-Jun-20,MP,232,15,230,Madhya Pradesh
06-Jun-20,PB,54,2,23,Punjab
06-Jun-20,RJ,253,13,142,Rajasthan
06-Jun-20,TG,206,10,83,Telangana
06-Jun-20,TN,1458,19,633,Tamil Nadu
06-Jun-20,UP,370,11,260,Uttar Pradesh
06-Jun-20,WB,435,17,207,West Bengal
06-May-20,AP,60,2,140,Andhra Pradesh
06-May-20,DL,428,1,74,Delhi
06-May-20,GJ,380,28,119,Gujarat
06-May-20,HR,46,1,4,Haryana
06-May-20,MH,1233,34,275,Maharashtra
06-May-20,MP,89,9,99,Madhya Pradesh
06-May-20,PB,75,2,2,Punjab
06-May-20,RJ,159,4,214,Rajasthan
06-May-20,TN,771,2,31,Tamil Nadu
06-May-20,UP,118,4,143,Uttar Pradesh
06-May-20,WB,112,4,1,West Bengal
07-Apr-20,DL,51,2,4,Delhi
07-Apr-20,GJ,29,2,3,Gujarat
07-Apr-20,MH,150,12,9,Maharashtra
07-Apr-20,MP,34,6,10,Madhya Pradesh
07-Apr-20,PB,20,1,10,Punjab
07-Apr-20,TN,69,1,6,Tamil Nadu
07-Jul-20,AP,1178,13,825,Andhra Pradesh
07-Jul-20,AS,814,2,388,Assam
07-Jul-20,BR,385,1,324,Bihar
07-Jul-20,DN,27,1,10,Dadra and Nagar Haveli and Daman and Diu
07-Jul-20,GA,90,1,95,Goa
07-Jul-20,GJ,778,17,421,Gujarat
07-Jul-20,HR,495,3,310,Haryana
07-Jul-20,JH,164,2,36,Jharkhand
07-Jul-20,JK,256,5,81,Jammu and Kashmir
07-Jul-20,KA,1498,15,571,Karnataka
07-Jul-20,MP,343,5,189,Madhya Pradesh
07-Jul-20,OR,571,6,217,Odisha
07-Jul-20,PB,258,6,60,Punjab
07-Jul-20,RJ,716,11,297,Rajasthan
07-Jul-20,TG,1879,7,1506,Telangana
07-Jul-20,UP,1332,18,518,Uttar Pradesh
07-Jul-20,UT,69,1,35,Uttarakhand
07-Jul-20,WB,850,25,555,West Bengal
07-Jun-20,AP,199,2,29,Andhra Pradesh
07-Jun-20,BR,239,1,107,Bihar
07-Jun-20,GJ,480,30,319,Gujarat
07-Jun-20,HR,496,4,194,Haryana
07-Jun-20,JK,620,2,90,Jammu and Kashmir
07-Jun-20,KA,239,2,159,Karnataka
07-Jun-20,MP,173,13,223,Madhya Pradesh
07-Jun-20,OR,75,1,178,Odisha
07-Jun-20,PB,93,1,14,Punjab
07-Jun-20,RJ,262,9,253,Rajasthan
07-Jun-20,TG,154,14,32,Telangana
07-Jun-20,TN,1515,18,604,Tamil Nadu
07-Jun-20,UP,433,7,277,Uttar Pradesh
07-Jun-20,UT,52,2,106,Uttarakhand
07-Jun-20,WB,449,13,184,West Bengal
07-May-20,AP,56,2,51,Andhra Pradesh
07-May-20,BR,8,1,60,Bihar
07-May-20,DL,448,1,389,Delhi
07-May-20,GJ,388,29,209,Gujarat
07-May-20,JK,18,1,13,Jammu and Kashmir
07-May-20,KA,12,1,12,Karnataka
07-May-20,MP,114,8,132,Madhya Pradesh
07-May-20,PB,118,1,14,Punjab
07-May-20,RJ,110,6,150,Rajasthan
07-May-20,TN,580,2,31,Tamil Nadu
07-May-20,UP,73,2,120,Uttar Pradesh
07-May-20,WB,92,7,31,West Bengal
08-Apr-20,KA,6,1,3,Karnataka
08-Apr-20,MH,117,8,38,Maharashtra
08-Apr-20,MP,51,3,4,Madhya Pradesh
08-Apr-20,RJ,40,1,20,Rajasthan
08-Apr-20,TN,48,1,2,Tamil Nadu
08-Apr-20,UP,29,1,10,Uttar Pradesh
08-Jul-20,AP,1062,12,1356,Andhra Pradesh
08-Jul-20,AS,696,6,397,Assam
08-Jul-20,BR,749,2,203,Bihar
08-Jul-20,GJ,783,16,569,Gujarat
08-Jul-20,HR,691,3,461,Haryana
08-Jul-20,JK,330,6,168,Jammu and Kashmir
08-Jul-20,ML,6,1,2,Meghalaya
08-Jul-20,MP,409,7,219,Madhya Pradesh
08-Jul-20,OR,527,7,303,Odisha
08-Jul-20,PB,158,3,274,Punjab
08-Jul-20,RJ,659,10,291,Rajasthan
08-Jul-20,TG,1924,11,992,Telangana
08-Jul-20,UP,1188,18,704,Uttar Pradesh
08-Jul-20,UT,28,3,29,Uttarakhand
08-Jul-20,WB,986,23,501,West Bengal
08-Jun-20,BR,177,1,137,Bihar
08-Jun-20,GJ,477,31,321,Gujarat
08-Jun-20,HR,406,11,226,Haryana
08-Jun-20,JK,198,4,108,Jammu and Kashmir
08-Jun-20,KA,308,3,309,Karnataka
08-Jun-20,KL,91,1,11,Kerala
08-Jun-20,MP,237,2,205,Madhya Pradesh
08-Jun-20,PB,55,2,22,Punjab
08-Jun-20,RJ,277,6,363,Rajasthan
08-Jun-20,TN,1562,17,528,Tamil Nadu
08-Jun-20,UP,411,8,159,Uttar Pradesh
08-Jun-20,WB,426,9,162,West Bengal
08-May-20,AP,54,3,62,Andhra Pradesh
08-May-20,DL,338,2,89,Delhi
08-May-20,GJ,390,24,163,Gujarat
08-May-20,HR,22,1,19,Haryana
08-May-20,MH,1089,37,169,Maharashtra
08-May-20,MP,89,7,118,Madhya Pradesh
08-May-20,PB,87,1,3,Punjab
08-May-20,RJ,152,4,122,Rajasthan
08-May-20,TN,600,3,58,Tamil Nadu
08-May-20,UP,143,4,137,Uttar Pradesh
08-May-20,WB,130,9,27,West Bengal
09-Apr-20,AP,15,2,4,Andhra Pradesh
09-Apr-20,DL,51,3,4,Delhi
09-Apr-20,GJ,76,2,1,Gujarat
09-Apr-20,KA,16,1,2,Karnataka
09-Apr-20,MH,229,25,8,Maharashtra
09-Apr-20,PB,24,1,4,Punjab
09-Jul-20,AP,1555,13,1053,Andhra Pradesh
09-Jul-20,AS,568,5,421,Assam
09-Jul-20,BR,704,9,251,Bihar
09-Jul-20,CT,140,1,68,Chhattisgarh
09-Jul-20,GA,112,1,66,Goa
09-Jul-20,GJ,861,15,429,Gujarat
09-Jul-20,HR,674,5,399,Haryana
09-Jul-20,JH,134,1,40,Jharkhand
09-Jul-20,JK,240,5,128,Jammu and Kashmir
09-Jul-20,KA,2228,17,957,Karnataka
09-Jul-20,MP,305,5,245,Madhya Pradesh
09-Jul-20,OR,577,6,401,Odisha
09-Jul-20,PB,233,5,117,Punjab
09-Jul-20,PY,49,2,35,Puducherry
09-Jul-20,RJ,500,9,204,Rajasthan
09-Jul-20,TG,1410,7,913,Telangana
09-Jul-20,UP,1206,17,796,Uttar Pradesh
09-Jul-20,WB,1088,27,535,West Bengal
09-Jun-20,AP,69,2,48,Andhra Pradesh
09-Jun-20,AS,215,1,312,Assam
09-Jun-20,BR,208,2,228,Bihar
09-Jun-20,CT,14,1,12,Chhattisgarh
09-Jun-20,DL,1366,31,504,Delhi
09-Jun-20,GJ,470,33,409,Gujarat
09-Jun-20,HR,355,6,107,Haryana
09-Jun-20,JH,126,1,40,Jharkhand
09-Jun-20,JK,61,3,182,Jammu and Kashmir
09-Jun-20,KA,161,2,164,Karnataka
09-Jun-20,MP,211,6,193,Madhya Pradesh
09-Jun-20,PB,56,2,39,Punjab
09-Jun-20,RJ,369,9,211,Rajasthan
09-Jun-20,TN,1685,18,798,Tamil Nadu
09-Jun-20,UP,388,18,325,Uttar Pradesh
09-Jun-20,WB,372,10,155,West Bengal
09-May-20,AP,43,3,45,Andhra Pradesh
09-May-20,GJ,394,23,219,Gujarat
09-May-20,HR,28,1,11,Haryana
09-May-20,MP,116,11,131,Madhya Pradesh
09-May-20,OR,82,1,5,Odisha
09-May-20,PB,31,2,5,Punjab
09-May-20,RJ,129,3,151,Rajasthan
09-May-20,TG,31,1,24,Telangana
09-May-20,TN,526,4,219,Tamil Nadu
09-May-20,UP,159,8,112,Uttar Pradesh
09-May-20,WB,108,11,49,West Bengal
10-Apr-20,DL,183,2,2,Delhi
10-Apr-20,GJ,116,1,7,Gujarat
10-Apr-20,MH,210,12,63,Maharashtra
10-Apr-20,MP,40,4,12,Madhya Pradesh
10-Apr-20,PB,21,1,2,Punjab
10-Apr-20,TN,77,1,17,Tamil Nadu
10-Jul-20,AP,1608,15,1040,Andhra Pradesh
10-Jul-20,AS,936,8,701,Assam
10-Jul-20,BR,352,2,459,Bihar
10-Jul-20,CT,166,2,125,Chhattisgarh
10-Jul-20,GJ,875,14,441,Gujarat
10-Jul-20,HR,570,3,399,Haryana
10-Jul-20,JK,387,5,91,Jammu and Kashmir
10-Jul-20,MP,316,4,249,Madhya Pradesh
10-Jul-20,OR,755,6,565,Odisha
10-Jul-20,PB,217,4,72,Punjab
10-Jul-20,PY,72,1,18,Puducherry
10-Jul-20,RJ,611,6,550,Rajasthan
10-Jul-20,TG,1278,8,1013,Telangana
10-Jul-20,UP,1338,27,660,Uttar Pradesh
10-Jul-20,WB,1198,26,522,West Bengal
10-Jun-20,AP,365,1,110,Andhra Pradesh
10-Jun-20,AS,235,1,152,Assam
10-Jun-20,BR,243,1,164,Bihar
10-Jun-20,CT,51,1,4,Chhattisgarh
10-Jun-20,GJ,510,34,370,Gujarat
10-Jun-20,HP,14,1,13,Himachal Pradesh
10-Jun-20,HR,370,7,381,Haryana
10-Jun-20,JK,161,3,165,Jammu and Kashmir
10-Jun-20,KA,120,3,257,Karnataka
10-Jun-20,KL,65,1,57,Kerala
10-Jun-20,MP,200,7,163,Madhya Pradesh
10-Jun-20,RJ,355,4,241,Rajasthan
10-Jun-20,TG,191,8,75,Telangana
10-Jun-20,TN,1927,19,1008,Tamil Nadu
10-Jun-20,UP,275,20,302,Uttar Pradesh
10-Jun-20,UT,25,2,76,Uttarakhand
10-Jun-20,WB,343,17,159,West Bengal
10-May-20,AP,50,1,38,Andhra Pradesh
10-May-20,BR,96,1,36,Bihar
10-May-20,DL,381,5,49,Delhi
10-May-20,GJ,398,21,454,Gujarat
10-May-20,HR,28,1,10,Haryana
10-May-20,KA,54,1,36,Karnataka
10-May-20,MP,157,4,196,Madhya Pradesh
10-May-20,RJ,106,2,79,Rajasthan
10-May-20,TN,669,3,135,Tamil Nadu
10-May-20,UP,94,5,154,Uttar Pradesh
10-May-20,WB,153,14,45,West Bengal
11-Apr-20,GJ,90,3,11,Gujarat
11-Apr-20,KL,10,1,19,Kerala
11-Apr-20,MH,187,17,20,Maharashtra
11-Apr-20,MP,78,4,1,Madhya Pradesh
11-Apr-20,RJ,139,6,56,Rajasthan
11-Apr-20,TG,16,2,51,Telangana
11-Apr-20,UP,19,1,13,Uttar Pradesh
11-Jul-20,AP,1813,17,1199,Andhra Pradesh
11-Jul-20,AS,535,2,578,Assam
11-Jul-20,BR,709,7,740,Bihar
11-Jul-20,CH,13,1,5,Chandigarh
11-Jul-20,GA,117,3,81,Goa
11-Jul-20,GJ,872,10,502,Gujarat
11-Jul-20,HR,648,7,490,Haryana
11-Jul-20,JH,145,1,32,Jharkhand
11-Jul-20,JK,268,10,109,Jammu and Kashmir
11-Jul-20,KL,488,2,143,Kerala
11-Jul-20,MP,544,6,198,Madhya Pradesh
11-Jul-20,OR,570,6,388,Odisha
11-Jul-20,PB,230,8,23,Punjab
11-Jul-20,PY,65,1,53,Puducherry
11-Jul-20,RJ,574,6,249,Rajasthan
11-Jul-20,TR,31,1,3,Tripura
11-Jul-20,UP,1392,24,902,Uttar Pradesh
11-Jul-20,WB,1344,26,611,West Bengal
11-Jun-20,AP,182,2,99,Andhra Pradesh
11-Jun-20,GJ,513,38,366,Gujarat
11-Jun-20,HR,389,12,73,Haryana
11-Jun-20,JK,67,1,149,Jammu and Kashmir
11-Jun-20,KA,204,3,114,Karnataka
11-Jun-20,KL,83,1,62,Kerala
11-Jun-20,MP,192,4,150,Madhya Pradesh
11-Jun-20,OR,136,1,72,Odisha
11-Jun-20,PB,82,4,27,Punjab
11-Jun-20,PY,13,2,7,Puducherry
11-Jun-20,RJ,238,6,206,Rajasthan
11-Jun-20,TG,209,9,176,Telangana
11-Jun-20,TN,1875,23,1372,Tamil Nadu
11-Jun-20,UP,478,24,321,Uttar Pradesh
11-Jun-20,UT,93,1,55,Uttarakhand
11-Jun-20,WB,440,10,209,West Bengal
11-May-20,GJ,347,20,235,Gujarat
11-May-20,HR,27,1,37,Haryana
11-May-20,JK,18,1,44,Jammu and Kashmir
11-May-20,MH,1230,36,587,Maharashtra
11-May-20,MP,171,6,71,Madhya Pradesh
11-May-20,RJ,174,5,83,Rajasthan
11-May-20,TN,798,6,92,Tamil Nadu
11-May-20,UP,106,1,105,Uttar Pradesh
11-May-20,WB,124,5,82,West Bengal
12-Apr-20,AP,15,1,2,Andhra Pradesh
12-Apr-20,DL,85,5,1,Delhi
12-Apr-20,HR,16,1,8,Haryana
12-Apr-20,MH,221,22,9,Maharashtra
12-Apr-20,MP,33,3,3,Madhya Pradesh
12-Apr-20,RJ,104,2,5,Rajasthan
12-Apr-20,TG,28,2,7,Telangana
12-Apr-20,TN,106,1,6,Tamil Nadu
12-Apr-20,WB,8,2,3,West Bengal
12-Jul-20,AP,1933,19,1019,Andhra Pradesh
12-Jul-20,AS,735,4,468,Assam
12-Jul-20,BR,1266,7,962,Bihar
12-Jul-20,CT,184,2,83,Chhattisgarh
12-Jul-20,GA,85,2,59,Goa
12-Jul-20,GJ,879,13,513,Gujarat
12-Jul-20,HR,658,4,589,Haryana
12-Jul-20,JH,97,7,52,Jharkhand
12-Jul-20,JK,357,10,84,Jammu and Kashmir
12-Jul-20,KL,435,2,132,Kerala
12-Jul-20,MP,431,9,197,Madhya Pradesh
12-Jul-20,OR,595,5,390,Odisha
12-Jul-20,PB,234,4,352,Punjab
12-Jul-20,RJ,644,7,234,Rajasthan
12-Jul-20,TG,1269,8,1563,Telangana
12-Jul-20,UP,1384,21,645,Uttar Pradesh
12-Jul-20,UT,120,1,68,Uttarakhand
12-Jul-20,WB,1560,26,622,West Bengal
12-Jun-20,AS,263,2,152,Assam
12-Jun-20,BR,148,1,230,Bihar
12-Jun-20,GJ,495,31,392,Gujarat
12-Jun-20,HR,366,6,214,Haryana
12-Jun-20,JK,156,1,266,Jammu and Kashmir
12-Jun-20,KA,271,7,464,Karnataka
12-Jun-20,KL,78,1,32,Kerala
12-Jun-20,MP,202,9,159,Madhya Pradesh
12-Jun-20,OR,112,1,120,Odisha
12-Jun-20,PB,99,4,23,Punjab
12-Jun-20,PY,6,1,9,Puducherry
12-Jun-20,RJ,230,7,236,Rajasthan
12-Jun-20,TG,164,9,285,Telangana
12-Jun-20,TN,1982,18,1342,Tamil Nadu
12-Jun-20,UP,528,20,317,Uttar Pradesh
12-Jun-20,UT,69,5,61,Uttarakhand
12-Jun-20,WB,476,9,218,West Bengal
12-May-20,AP,71,1,58,Andhra Pradesh
12-May-20,DL,406,13,383,Delhi
12-May-20,GJ,362,24,466,Gujarat
12-May-20,MP,201,4,113,Madhya Pradesh
12-May-20,PB,37,1,3,Punjab
12-May-20,RJ,138,4,130,Rajasthan
12-May-20,TG,51,2,21,Telangana
12-May-20,TN,716,8,83,Tamil Nadu
12-May-20,UP,91,2,115,Uttar Pradesh
12-May-20,WB,110,8,113,West Bengal
13-Apr-20,DL,356,4,3,Delhi
13-Apr-20,GJ,56,2,10,Gujarat
13-Apr-20,KA,15,2,6,Karnataka
13-Apr-20,MH,352,11,12,Maharashtra
13-Apr-20,MP,52,7,10,Madhya Pradesh
13-Jul-20,AP,1935,37,1052,Andhra Pradesh
13-Jul-20,AR,27,1,7,Arunachal Pradesh
13-Jul-20,AS,1001,4,522,Assam
13-Jul-20,BR,1116,9,411,Bihar
13-Jul-20,DL,1246,40,1344,Delhi
13-Jul-20,GA,130,3,53,Goa
13-Jul-20,GJ,902,10,608,Gujarat
13-Jul-20,HR,689,7,654,Haryana
13-Jul-20,JH,203,2,43,Jharkhand
13-Jul-20,JK,314,8,116,Jammu and Kashmir
13-Jul-20,KL,449,2,162,Kerala
13-Jul-20,MP,575,10,332,Madhya Pradesh
13-Jul-20,OR,616,7,505,Odisha
13-Jul-20,PB,357,5,194,Punjab
13-Jul-20,RJ,544,8,527,Rajasthan
13-Jul-20,TG,1550,9,1197,Telangana
13-Jul-20,UP,1654,21,869,Uttar Pradesh
13-Jul-20,UT,71,2,70,Uttarakhand
13-Jul-20,WB,1435,24,632,West Bengal
13-Jun-20,AP,222,2,94,Andhra Pradesh
13-Jun-20,GJ,517,33,390,Gujarat
13-Jun-20,HR,415,8,328,Haryana
13-Jun-20,JK,148,2,183,Jammu and Kashmir
13-Jun-20,KA,308,3,208,Karnataka
13-Jun-20,MP,198,7,176,Madhya Pradesh
13-Jun-20,PB,77,2,45,Punjab
13-Jun-20,RJ,333,10,326,Rajasthan
13-Jun-20,TG,253,8,74,Telangana
13-Jun-20,TN,1989,30,1362,Tamil Nadu
13-Jun-20,UP,502,20,266,Uttar Pradesh
13-Jun-20,UT,61,2,130,Uttarakhand
13-Jun-20,WB,454,12,336,West Bengal
13-May-20,AP,48,1,86,Andhra Pradesh
13-May-20,BR,74,1,18,Bihar
13-May-20,DL,359,20,346,Delhi
13-May-20,GJ,364,29,316,Gujarat
13-May-20,JK,37,1,11,Jammu and Kashmir
13-May-20,KA,34,2,18,Karnataka
13-May-20,MP,187,7,144,Madhya Pradesh
13-May-20,RJ,202,4,119,Rajasthan
13-May-20,TG,41,2,117,Telangana
13-May-20,TN,509,3,41,Tamil Nadu
13-May-20,UP,94,4,92,Uttar Pradesh
13-May-20,WB,117,9,90,West Bengal
14-Apr-20,AP,45,4,4,Andhra Pradesh
14-Apr-20,GJ,78,2,5,Gujarat
14-Apr-20,KA,13,2,11,Karnataka
14-Apr-20,MH,346,18,30,Maharashtra
14-Apr-20,MP,127,3,13,Madhya Pradesh
14-Apr-20,PB,8,1,2,Punjab
14-Apr-20,TG,52,1,7,Telangana
14-Apr-20,TN,31,1,23,Tamil Nadu
14-Apr-20,UP,102,3,1,Uttar Pradesh
14-Jul-20,AS,859,6,757,Assam
14-Jul-20,BR,1432,9,655,Bihar
14-Jul-20,CH,12,2,23,Chandigarh
14-Jul-20,CT,114,1,73,Chhattisgarh
14-Jul-20,GA,170,1,67,Goa
14-Jul-20,GJ,915,14,749,Gujarat
14-Jul-20,HR,699,4,453,Haryana
14-Jul-20,JH,262,3,77,Jharkhand
14-Jul-20,JK,346,8,128,Jammu and Kashmir
14-Jul-20,KL,608,1,181,Kerala
14-Jul-20,MP,798,10,367,Madhya Pradesh
14-Jul-20,OR,543,5,609,Odisha
14-Jul-20,PB,333,9,77,Punjab
14-Jul-20,RJ,635,6,539,Rajasthan
14-Jul-20,TG,1524,10,1161,Telangana
14-Jul-20,UP,1594,28,778,Uttar Pradesh
14-Jul-20,UT,78,1,11,Uttarakhand
14-Jul-20,WB,1390,24,718,West Bengal
14-Jun-20,AP,294,2,131,Andhra Pradesh
14-Jun-20,BR,186,1,289,Bihar
14-Jun-20,CT,121,3,88,Chhattisgarh
14-Jun-20,GJ,511,29,442,Gujarat
14-Jun-20,HR,459,10,200,Haryana
14-Jun-20,JK,163,4,120,Jammu and Kashmir
14-Jun-20,KA,176,5,312,Karnataka
14-Jun-20,MP,161,12,300,Madhya Pradesh
14-Jun-20,OR,186,1,114,Odisha
14-Jun-20,PB,77,2,29,Punjab
14-Jun-20,PY,18,1,9,Puducherry
14-Jun-20,RJ,293,10,229,Rajasthan
14-Jun-20,TG,237,3,25,Telangana
14-Jun-20,TN,1974,38,1138,Tamil Nadu
14-Jun-20,UP,497,14,393,Uttar Pradesh
14-Jun-20,UT,34,1,34,Uttarakhand
14-Jun-20,WB,389,12,518,West Bengal
14-Mar-20,DL,7,1,1,Delhi
14-May-20,AP,68,1,50,Andhra Pradesh
14-May-20,DL,472,9,187,Delhi
14-May-20,GJ,324,20,191,Gujarat
14-May-20,KA,28,2,9,Karnataka
14-May-20,MP,253,5,167,Madhya Pradesh
14-May-20,RJ,206,4,65,Rajasthan
14-May-20,TN,447,2,65,Tamil Nadu
14-May-20,UP,144,2,107,Uttar Pradesh
14-May-20,WB,87,8,66,West Bengal
15-Apr-20,AP,41,3,4,Andhra Pradesh
15-Apr-20,DL,17,2,10,Delhi
15-Apr-20,GJ,116,5,5,Gujarat
15-Apr-20,KA,19,2,9,Karnataka
15-Apr-20,MH,236,9,36,Maharashtra
15-Apr-20,TN,38,2,37,Tamil Nadu
15-Apr-20,UP,75,3,7,Uttar Pradesh
15-Jul-20,AS,1088,2,715,Assam
15-Jul-20,BR,1320,14,514,Bihar
15-Jul-20,CH,19,1,13,Chandigarh
15-Jul-20,DN,17,1,28,Dadra and Nagar Haveli and Daman and Diu
15-Jul-20,GJ,925,10,791,Gujarat
15-Jul-20,HR,678,7,577,Haryana
15-Jul-20,JH,337,2,57,Jharkhand
15-Jul-20,JK,493,11,114,Jammu and Kashmir
15-Jul-20,KL,623,1,196,Kerala
15-Jul-20,MP,638,9,333,Madhya Pradesh
15-Jul-20,OR,618,5,612,Odisha
15-Jul-20,PB,288,8,204,Punjab
15-Jul-20,PY,65,3,60,Puducherry
15-Jul-20,RJ,866,6,333,Rajasthan
15-Jul-20,TG,1597,11,1159,Telangana
15-Jul-20,TR,98,1,66,Tripura
15-Jul-20,UP,1659,29,762,Uttar Pradesh
15-Jul-20,WB,1589,20,749,West Bengal
15-Jun-20,AP,304,2,69,Andhra Pradesh
15-Jun-20,BR,187,2,251,Bihar
15-Jun-20,CH,5,1,6,Chandigarh
15-Jun-20,GJ,514,28,339,Gujarat
15-Jun-20,HR,514,12,562,Haryana
15-Jun-20,JH,30,1,95,Jharkhand
15-Jun-20,JK,179,3,215,Jammu and Kashmir
15-Jun-20,KA,213,2,174,Karnataka
15-Jun-20,KL,82,1,73,Kerala
15-Jun-20,MP,133,6,226,Madhya Pradesh
15-Jun-20,PB,127,4,87,Punjab
15-Jun-20,RJ,287,9,219,Rajasthan
15-Jun-20,TG,219,2,389,Telangana
15-Jun-20,UP,476,18,342,Uttar Pradesh
15-Jun-20,WB,407,10,434,West Bengal
15-May-20,DL,425,8,473,Delhi
15-May-20,GJ,340,20,282,Gujarat
15-May-20,HR,36,2,25,Haryana
15-May-20,KA,69,1,20,Karnataka
15-May-20,MP,169,2,112,Madhya Pradesh
15-May-20,TN,434,5,359,Tamil Nadu
15-May-20,UP,155,7,93,Uttar Pradesh
15-May-20,WB,84,10,61,West Bengal
16-Apr-20,DL,62,6,11,Delhi
16-Apr-20,GJ,163,3,9,Gujarat
16-Apr-20,KA,36,1,2,Karnataka
16-Apr-20,MH,285,7,5,Maharashtra
16-Apr-20,MP,226,2,6,Madhya Pradesh
16-Apr-20,PB,11,1,2,Punjab
16-Apr-20,TN,25,1,62,Tamil Nadu
16-Apr-20,UP,70,2,11,Uttar Pradesh
16-Apr-20,WB,18,3,5,West Bengal
16-Jul-20,AS,892,2,666,Assam
16-Jul-20,BR,1385,10,568,Bihar
16-Jul-20,CT,198,1,127,Chhattisgarh
16-Jul-20,GA,157,1,143,Goa
16-Jul-20,GJ,919,10,828,Gujarat
16-Jul-20,HR,696,3,518,Haryana
16-Jul-20,JH,221,4,28,Jharkhand
16-Jul-20,JK,490,16,109,Jammu and Kashmir
16-Jul-20,KL,722,2,228,Kerala
16-Jul-20,MP,735,7,219,Madhya Pradesh
16-Jul-20,OR,494,2,401,Odisha
16-Jul-20,PB,295,9,410,Punjab
16-Jul-20,PY,147,1,58,Puducherry
16-Jul-20,RJ,737,8,468,Rajasthan
16-Jul-20,TG,1676,10,1296,Telangana
16-Jul-20,UP,2058,34,932,Uttar Pradesh
16-Jul-20,WB,1690,23,735,West Bengal
16-Jun-20,AP,264,2,128,Andhra Pradesh
16-Jun-20,BR,148,1,345,Bihar
16-Jun-20,GJ,524,28,418,Gujarat
16-Jun-20,HR,550,18,183,Haryana
16-Jun-20,JK,78,1,177,Jammu and Kashmir
16-Jun-20,KA,317,7,322,Karnataka
16-Jun-20,MP,148,11,249,Madhya Pradesh
16-Jun-20,PB,104,1,18,Punjab
16-Jun-20,RJ,235,7,177,Rajasthan
16-Jun-20,TG,213,4,261,Telangana
16-Jun-20,UP,507,18,294,Uttar Pradesh
16-Jun-20,UT,97,1,27,Uttarakhand
16-Jun-20,WB,415,10,534,West Bengal
16-May-20,AP,48,1,101,Andhra Pradesh
16-May-20,BR,145,1,33,Bihar
16-May-20,DL,438,6,408,Delhi
16-May-20,GJ,1057,19,273,Gujarat
16-May-20,JK,108,1,29,Jammu and Kashmir
16-May-20,MP,195,4,32,Madhya Pradesh
16-May-20,RJ,213,1,215,Rajasthan
16-May-20,TN,477,4,939,Tamil Nadu
16-May-20,UP,201,9,276,Uttar Pradesh
16-May-20,WB,115,7,63,West Bengal
17-Apr-20,DL,67,4,20,Delhi
17-Apr-20,GJ,170,5,13,Gujarat
17-Apr-20,JK,14,1,4,Jammu and Kashmir
17-Apr-20,MH,120,7,31,Maharashtra
17-Apr-20,RJ,98,6,19,Rajasthan
17-Apr-20,UP,44,1,14,Uttar Pradesh
17-Jul-20,AS,1218,1,551,Assam
17-Jul-20,BR,1742,6,896,Bihar
17-Jul-20,CT,249,3,61,Chhattisgarh
17-Jul-20,GA,196,2,129,Goa
17-Jul-20,GJ,949,17,770,Gujarat
17-Jul-20,HR,795,5,533,Haryana
17-Jul-20,JH,313,4,64,Jharkhand
17-Jul-20,JK,601,9,112,Jammu and Kashmir
17-Jul-20,KL,791,1,132,Kerala
17-Jul-20,LA,4,1,3,Ladakh
17-Jul-20,MP,704,9,387,Madhya Pradesh
17-Jul-20,OR,718,6,453,Odisha
17-Jul-20,PB,348,9,96,Punjab
17-Jul-20,PY,89,3,67,Puducherry
17-Jul-20,RJ,615,8,656,Rajasthan
17-Jul-20,TG,1478,7,1410,Telangana
17-Jul-20,UP,1722,38,959,Uttar Pradesh
17-Jul-20,UT,120,1,26,Uttarakhand
17-Jul-20,WB,1894,26,838,West Bengal
17-Jun-20,AP,351,2,128,Andhra Pradesh
17-Jun-20,GJ,520,27,348,Gujarat
17-Jun-20,HR,560,12,204,Haryana
17-Jun-20,JH,57,1,30,Jharkhand
17-Jun-20,JK,108,1,133,Jammu and Kashmir
17-Jun-20,KA,204,8,348,Karnataka
17-Jun-20,MP,161,6,236,Madhya Pradesh
17-Jun-20,PB,126,6,77,Punjab
17-Jun-20,PY,29,1,10,Puducherry
17-Jun-20,RJ,326,5,505,Rajasthan
17-Jun-20,TG,269,1,44,Telangana
17-Jun-20,UP,583,30,335,Uttar Pradesh
17-Jun-20,UT,81,1,38,Uttarakhand
17-Jun-20,WB,391,11,505,West Bengal
17-May-20,AP,25,1,103,Andhra Pradesh
17-May-20,DL,422,19,276,Delhi
17-May-20,GJ,391,34,191,Gujarat
17-May-20,HR,23,1,48,Haryana
17-May-20,JK,62,1,33,Jammu and Kashmir
17-May-20,KA,55,1,13,Karnataka
17-May-20,MP,187,5,88,Madhya Pradesh
17-May-20,OR,91,1,24,Odisha
17-May-20,PB,18,3,109,Punjab
17-May-20,RJ,242,5,111,Rajasthan
17-May-20,TN,639,4,634,Tamil Nadu
17-May-20,UP,206,8,195,Uttar Pradesh
17-May-20,WB,101,6,67,West Bengal
18-Apr-20,AP,31,2,7,Andhra Pradesh
18-Apr-20,BR,1,1,5,Bihar
18-Apr-20,DL,186,1,135,Delhi
18-Apr-20,GJ,277,12,7,Gujarat
18-Apr-20,KA,25,1,16,Karnataka
18-Apr-20,MH,327,10,34,Maharashtra
18-Apr-20,PB,23,2,1,Punjab
18-Apr-20,RJ,122,4,17,Rajasthan
18-Apr-20,WB,32,2,4,West Bengal
18-Jul-20,AS,1117,2,1060,Assam
18-Jul-20,BR,1667,4,774,Bihar
18-Jul-20,CH,31,1,5,Chandigarh
18-Jul-20,GJ,960,19,1062,Gujarat
18-Jul-20,HR,750,17,600,Haryana
18-Jul-20,JH,289,2,79,Jharkhand
18-Jul-20,JK,441,5,607,Jammu and Kashmir
18-Jul-20,KL,593,2,204,Kerala
18-Jul-20,MP,681,8,350,Madhya Pradesh
18-Jul-20,OR,591,3,607,Odisha
18-Jul-20,PB,350,7,81,Punjab
18-Jul-20,PY,58,3,48,Puducherry
18-Jul-20,RJ,711,7,518,Rajasthan
18-Jul-20,TR,171,2,51,Tripura
18-Jul-20,UP,1873,24,1030,Uttar Pradesh
18-Jul-20,UT,174,1,60,Uttarakhand
18-Jul-20,WB,2198,27,1286,West Bengal
18-Jun-20,AP,425,2,131,Andhra Pradesh
18-Jun-20,AS,209,1,206,Assam
18-Jun-20,BR,100,5,185,Bihar
18-Jun-20,GJ,510,31,389,Gujarat
18-Jun-20,HR,386,4,604,Haryana
18-Jun-20,JH,23,1,47,Jharkhand
18-Jun-20,JK,149,7,230,Jammu and Kashmir
18-Jun-20,KA,210,12,176,Karnataka
18-Jun-20,KL,97,1,89,Kerala
18-Jun-20,MP,182,4,244,Madhya Pradesh
18-Jun-20,PB,118,5,32,Punjab
18-Jun-20,PY,26,1,7,Puducherry
18-Jun-20,RJ,315,17,275,Rajasthan
18-Jun-20,TG,352,3,230,Telangana
18-Jun-20,UP,604,23,399,Uttar Pradesh
18-Jun-20,WB,435,12,468,West Bengal
18-May-20,BR,103,1,44,Bihar
18-May-20,DL,299,12,283,Delhi
18-May-20,GJ,366,35,305,Gujarat
18-May-20,JK,106,2,34,Jammu and Kashmir
18-May-20,MP,259,4,32,Madhya Pradesh
18-May-20,PB,16,2,181,Punjab
18-May-20,RJ,305,7,163,Rajasthan
18-May-20,TN,536,3,234,Tamil Nadu
18-May-20,UP,141,6,147,Uttar Pradesh
18-May-20,WB,147,6,47,West Bengal
19-Apr-20,AP,44,1,23,Andhra Pradesh
19-Apr-20,DL,110,2,83,Delhi
19-Apr-20,GJ,367,10,12,Gujarat
19-Apr-20,KA,6,2,7,Karnataka
19-Apr-20,MH,552,12,142,Maharashtra
19-Apr-20,MP,5,3,4,Madhya Pradesh
19-Apr-20,RJ,127,2,5,Rajasthan
19-Apr-20,UP,125,3,19,Uttar Pradesh
19-Jul-20,AS,1018,4,858,Assam
19-Jul-20,BR,1412,2,826,Bihar
19-Jul-20,GA,173,1,180,Goa
19-Jul-20,GJ,965,20,877,Gujarat
19-Jul-20,HR,617,5,475,Haryana
19-Jul-20,JH,167,1,62,Jharkhand
19-Jul-20,JK,701,8,646,Jammu and Kashmir
19-Jul-20,KL,821,2,172,Kerala
19-Jul-20,MP,837,15,447,Madhya Pradesh
19-Jul-20,OR,736,7,516,Odisha
19-Jul-20,PB,308,8,81,Punjab
19-Jul-20,RJ,934,6,586,Rajasthan
19-Jul-20,UP,2211,38,1181,Uttar Pradesh
19-Jul-20,WB,2278,36,1344,West Bengal
19-Jun-20,AP,465,4,133,Andhra Pradesh
19-Jun-20,BR,250,5,137,Bihar
19-Jun-20,CT,72,1,103,Chhattisgarh
19-Jun-20,GJ,540,27,340,Gujarat
19-Jun-20,HR,525,10,333,Haryana
19-Jun-20,JK,125,4,50,Jammu and Kashmir
19-Jun-20,KA,337,9,230,Karnataka
19-Jun-20,MP,156,9,116,Madhya Pradesh
19-Jun-20,PB,217,9,66,Punjab
19-Jun-20,PY,16,1,2,Puducherry
19-Jun-20,RJ,299,3,255,Rajasthan
19-Jun-20,TG,499,3,51,Telangana
19-Jun-20,UP,809,19,357,Uttar Pradesh
19-Jun-20,WB,355,11,302,West Bengal
19-May-20,AP,57,2,69,Andhra Pradesh
19-May-20,DL,500,6,265,Delhi
19-May-20,GJ,395,25,239,Gujarat
19-May-20,HP,2,1,5,Himachal Pradesh
19-May-20,JK,28,2,38,Jammu and Kashmir
19-May-20,KA,149,3,13,Karnataka
19-May-20,MP,229,6,196,Madhya Pradesh
19-May-20,OR,102,1,30,Odisha
19-May-20,PB,22,1,95,Punjab
19-May-20,RJ,338,5,119,Rajasthan
19-May-20,TG,42,4,9,Telangana
19-May-20,TN,688,3,489,Tamil Nadu
19-May-20,UP,321,5,135,Uttar Pradesh
19-May-20,WB,137,6,68,West Bengal
20-Apr-20,AP,75,3,27,Andhra Pradesh
20-Apr-20,DL,78,2,141,Delhi
20-Apr-20,GJ,196,8,26,Gujarat
20-Apr-20,MH,466,9,65,Maharashtra
20-Apr-20,MP,78,4,7,Madhya Pradesh
20-Apr-20,TN,43,2,46,Tamil Nadu
20-Apr-20,UP,84,1,13,Uttar Pradesh
20-Jul-20,AS,1093,1,1072,Assam
20-Jul-20,BR,1076,8,938,Bihar
20-Jul-20,CT,191,4,169,Chhattisgarh
20-Jul-20,GA,196,1,143,Goa
20-Jul-20,GJ,998,20,777,Gujarat
20-Jul-20,HR,694,6,433,Haryana
20-Jul-20,JH,225,4,117,Jharkhand
20-Jul-20,JK,751,10,463,Jammu and Kashmir
20-Jul-20,KL,794,1,245,Kerala
20-Jul-20,MP,710,17,373,Madhya Pradesh
20-Jul-20,OR,673,6,457,Odisha
20-Jul-20,PB,410,8,583,Punjab
20-Jul-20,PY,93,1,111,Puducherry
20-Jul-20,RJ,956,9,465,Rajasthan
20-Jul-20,TR,202,2,86,Tripura
20-Jul-20,UT,127,3,96,Uttarakhand
20-Jul-20,WB,2282,35,1535,West Bengal
20-Jun-20,AP,491,5,206,Andhra Pradesh
20-Jun-20,CT,116,1,63,Chhattisgarh
20-Jun-20,GJ,539,20,535,Gujarat
20-Jun-20,HR,480,5,239,Haryana
20-Jun-20,JK,154,6,142,Jammu and Kashmir
20-Jun-20,KA,416,9,183,Karnataka
20-Jun-20,MP,142,6,132,Madhya Pradesh
20-Jun-20,OR,179,1,237,Odisha
20-Jun-20,PB,120,6,42,Punjab
20-Jun-20,RJ,381,4,277,Rajasthan
20-Jun-20,TG,546,5,154,Telangana
20-Jun-20,TN,2396,38,1045,Tamil Nadu
20-Jun-20,UP,541,22,374,Uttar Pradesh
20-Jun-20,UT,124,1,17,Uttarakhand
20-Jun-20,WB,441,11,562,West Bengal
20-May-20,AP,71,1,43,Andhra Pradesh
20-May-20,DL,534,10,442,Delhi
20-May-20,GJ,398,30,176,Gujarat
20-May-20,JK,73,1,31,Jammu and Kashmir
20-May-20,KA,67,1,13,Karnataka
20-May-20,MP,270,9,103,Madhya Pradesh
20-May-20,OR,74,1,36,Odisha
20-May-20,RJ,170,4,67,Rajasthan
20-May-20,TG,27,2,2,Telangana
20-May-20,TN,743,3,987,Tamil Nadu
20-May-20,UP,249,4,148,Uttar Pradesh
20-May-20,WB,142,3,62,West Bengal
21-Apr-20,AP,35,2,4,Andhra Pradesh
21-Apr-20,GJ,239,19,8,Gujarat
21-Apr-20,KA,10,1,17,Karnataka
21-Apr-20,MH,552,19,150,Maharashtra
21-Apr-20,MP,67,4,10,Madhya Pradesh
21-Apr-20,RJ,159,1,69,Rajasthan
21-Apr-20,TN,76,1,178,Tamil Nadu
21-Apr-20,UP,153,3,22,Uttar Pradesh
21-Apr-20,WB,53,3,7,West Bengal
21-Jul-20,AS,1680,6,938,Assam
21-Jul-20,BR,1109,11,1206,Bihar
21-Jul-20,CT,133,1,170,Chhattisgarh
21-Jul-20,DL,1349,27,1200,Delhi
21-Jul-20,GA,174,3,88,Goa
21-Jul-20,GJ,1026,34,744,Gujarat
21-Jul-20,HP,33,1,10,Himachal Pradesh
21-Jul-20,HR,604,9,726,Haryana
21-Jul-20,JH,418,8,107,Jharkhand
21-Jul-20,JK,608,9,181,Jammu and Kashmir
21-Jul-20,KL,720,1,274,Kerala
21-Jul-20,MP,785,18,573,Madhya Pradesh
21-Jul-20,OR,647,8,400,Odisha
21-Jul-20,PB,379,1,271,Punjab
21-Jul-20,PY,87,1,53,Puducherry
21-Jul-20,RJ,983,9,549,Rajasthan
21-Jul-20,TR,252,1,81,Tripura
21-Jul-20,UP,2128,37,1024,Uttar Pradesh
21-Jun-20,AP,477,5,196,Andhra Pradesh
21-Jun-20,BR,162,2,264,Bihar
21-Jun-20,GJ,580,25,655,Gujarat
21-Jun-20,HR,412,11,429,Haryana
21-Jun-20,JK,122,1,46,Jammu and Kashmir
21-Jun-20,KA,453,5,226,Karnataka
21-Jun-20,MP,179,14,135,Madhya Pradesh
21-Jun-20,OR,304,4,186,Odisha
21-Jun-20,PB,122,1,22,Punjab
21-Jun-20,PY,28,1,9,Puducherry
21-Jun-20,RJ,393,12,323,Rajasthan
21-Jun-20,TG,730,7,225,Telangana
21-Jun-20,UP,596,21,626,Uttar Pradesh
21-Jun-20,WB,414,15,432,West Bengal
21-May-20,AP,45,1,41,Andhra Pradesh
21-May-20,DL,571,18,375,Delhi
21-May-20,GJ,371,24,269,Gujarat
21-May-20,JK,59,2,6,Jammu and Kashmir
21-May-20,MP,246,4,110,Madhya Pradesh
21-May-20,OR,51,1,50,Odisha
21-May-20,PB,23,1,25,Punjab
21-May-20,RJ,212,4,81,Rajasthan
21-May-20,TG,38,5,23,Telangana
21-May-20,TN,776,7,400,Tamil Nadu
21-May-20,UP,340,11,138,Uttar Pradesh
21-May-20,WB,94,6,57,West Bengal
22-Apr-20,AP,56,2,24,Andhra Pradesh
22-Apr-20,DL,92,1,113,Delhi
22-Apr-20,GJ,229,13,40,Gujarat
22-Apr-20,MH,431,18,67,Maharashtra
22-Apr-20,RJ,153,1,70,Rajasthan
22-Jul-20,AS,972,2,1317,Assam
22-Jul-20,BR,1502,10,1135,Bihar
22-Jul-20,CH,29,1,8,Chandigarh
22-Jul-20,DL,1227,29,1532,Delhi
22-Jul-20,GA,149,2,92,Goa
22-Jul-20,GJ,1020,28,837,Gujarat
22-Jul-20,HR,724,8,745,Haryana
22-Jul-20,JH,487,3,106,Jharkhand
22-Jul-20,JK,453,10,152,Jammu and Kashmir
22-Jul-20,KL,1038,1,272,Kerala
22-Jul-20,MP,747,14,579,Madhya Pradesh
22-Jul-20,OR,1078,6,440,Odisha
22-Jul-20,PB,412,6,252,Punjab
22-Jul-20,PY,121,1,51,Puducherry
22-Jul-20,RJ,961,6,620,Rajasthan
22-Jul-20,TG,1555,9,1281,Telangana
22-Jul-20,TR,126,1,107,Tripura
22-Jul-20,UT,451,2,52,Uttarakhand
22-Jun-20,AP,443,5,128,Andhra Pradesh
22-Jun-20,BR,228,1,136,Bihar
22-Jun-20,CT,47,1,66,Chhattisgarh
22-Jun-20,GA,46,1,17,Goa
22-Jun-20,GJ,563,21,560,Gujarat
22-Jun-20,HR,390,9,359,Haryana
22-Jun-20,JK,132,3,149,Jammu and Kashmir
22-Jun-20,KA,249,5,111,Karnataka
22-Jun-20,MP,175,6,200,Madhya Pradesh
22-Jun-20,OR,143,2,143,Odisha
22-Jun-20,PB,161,2,125,Punjab
22-Jun-20,RJ,302,7,313,Rajasthan
22-Jun-20,TG,872,7,274,Telangana
22-Jun-20,UP,591,19,606,Uttar Pradesh
22-Jun-20,UT,58,1,21,Uttarakhand
22-Jun-20,WB,413,14,390,West Bengal
22-May-20,AP,62,1,26,Andhra Pradesh
22-May-20,BR,179,2,58,Bihar
22-May-20,DL,660,14,330,Delhi
22-May-20,GJ,363,29,392,Gujarat
22-May-20,HR,37,2,25,Haryana
22-May-20,KL,42,1,2,Kerala
22-May-20,MP,189,1,245,Madhya Pradesh
22-May-20,RJ,267,2,195,Rajasthan
22-May-20,TG,62,3,7,Telangana
22-May-20,TN,786,4,846,Tamil Nadu
22-May-20,UP,220,14,120,Uttar Pradesh
22-May-20,WB,135,6,28,West Bengal
23-Apr-20,AP,80,3,21,Andhra Pradesh
23-Apr-20,DL,128,2,84,Delhi
23-Apr-20,GJ,217,9,79,Gujarat
23-Apr-20,JH,7,1,4,Jharkhand
23-Apr-20,MH,778,14,51,Maharashtra
23-Apr-20,MP,100,3,51,Madhya Pradesh
23-Apr-20,PB,5,1,13,Punjab
23-Apr-20,RJ,76,1,107,Rajasthan
23-Apr-20,TG,27,1,58,Telangana
23-Apr-20,TN,54,2,90,Tamil Nadu
23-Apr-20,UP,61,3,33,Uttar Pradesh
23-Jul-20,AS,1047,4,1349,Assam
23-Jul-20,BR,1625,4,1083,Bihar
23-Jul-20,CT,371,5,157,Chhattisgarh
23-Jul-20,DL,1041,26,1415,Delhi
23-Jul-20,GA,174,1,114,Goa
23-Jul-20,GJ,1078,28,718,Gujarat
23-Jul-20,HR,789,6,552,Haryana
23-Jul-20,JH,482,3,206,Jharkhand
23-Jul-20,JK,718,9,102,Jammu and Kashmir
23-Jul-20,KL,1078,5,432,Kerala
23-Jul-20,MP,632,10,523,Madhya Pradesh
23-Jul-20,OR,1264,6,643,Odisha
23-Jul-20,PB,438,8,100,Punjab
23-Jul-20,PY,120,3,31,Puducherry
23-Jul-20,RJ,886,11,451,Rajasthan
23-Jul-20,TR,206,1,39,Tripura
23-Jul-20,UT,145,3,50,Uttarakhand
23-Jun-20,AP,462,8,157,Andhra Pradesh
23-Jun-20,BR,157,2,260,Bihar
23-Jun-20,GA,45,1,53,Goa
23-Jun-20,GJ,549,26,604,Gujarat
23-Jun-20,HR,495,9,582,Haryana
23-Jun-20,JK,148,2,111,Jammu and Kashmir
23-Jun-20,KA,322,8,274,Karnataka
23-Jun-20,KL,141,1,60,Kerala
23-Jun-20,MP,183,4,120,Madhya Pradesh
23-Jun-20,OR,167,3,125,Odisha
23-Jun-20,PB,162,4,222,Punjab
23-Jun-20,PY,19,1,16,Puducherry
23-Jun-20,RJ,395,9,303,Rajasthan
23-Jun-20,TG,879,3,219,Telangana
23-Jun-20,UP,571,19,515,Uttar Pradesh
23-Jun-20,UT,133,2,81,Uttarakhand
23-Jun-20,WB,370,11,531,West Bengal
23-May-20,AP,47,1,48,Andhra Pradesh
23-May-20,DL,591,23,370,Delhi
23-May-20,GJ,396,27,289,Gujarat
23-May-20,JK,80,1,54,Jammu and Kashmir
23-May-20,KA,216,1,11,Karnataka
23-May-20,MP,201,9,178,Madhya Pradesh
23-May-20,RJ,248,7,106,Rajasthan
23-May-20,TG,52,1,25,Telangana
23-May-20,TN,759,5,363,Tamil Nadu
23-May-20,UP,282,3,82,Uttar Pradesh
23-May-20,WB,127,4,60,West Bengal
24-Apr-20,AP,62,2,4,Andhra Pradesh
24-Apr-20,DL,138,3,49,Delhi
24-Apr-20,GJ,191,15,7,Gujarat
24-Apr-20,KA,29,1,7,Karnataka
24-Apr-20,KL,3,1,15,Kerala
24-Apr-20,MH,390,18,117,Maharashtra
24-Apr-20,MP,159,9,7,Madhya Pradesh
24-Apr-20,RJ,70,4,42,Rajasthan
24-Apr-20,TN,72,2,114,Tamil Nadu
24-Apr-20,UP,111,1,20,Uttar Pradesh
24-Apr-20,WB,58,3,24,West Bengal
24-Jul-20,AS,1130,6,1062,Assam
24-Jul-20,CT,449,2,180,Chhattisgarh
24-Jul-20,GJ,1068,26,872,Gujarat
24-Jul-20,HP,120,1,9,Himachal Pradesh
24-Jul-20,HR,780,4,704,Haryana
24-Jul-20,JH,400,9,100,Jharkhand
24-Jul-20,JK,353,14,508,Jammu and Kashmir
24-Jul-20,KL,885,4,968,Kerala
24-Jul-20,ML,53,1,5,Meghalaya
24-Jul-20,MP,736,11,507,Madhya Pradesh
24-Jul-20,NL,65,1,7,Nagaland
24-Jul-20,OR,1594,8,808,Odisha
24-Jul-20,PB,477,5,355,Punjab
24-Jul-20,PY,95,1,83,Puducherry
24-Jul-20,RJ,958,8,732,Rajasthan
24-Jul-20,TG,1640,8,1007,Telangana
24-Jul-20,TR,100,1,59,Tripura
24-Jul-20,UT,272,2,42,Uttarakhand
24-Jun-20,AP,497,10,187,Andhra Pradesh
24-Jun-20,BR,223,1,79,Bihar
24-Jun-20,GJ,572,25,575,Gujarat
24-Jun-20,HR,490,10,427,Haryana
24-Jun-20,JH,26,1,55,Jharkhand
24-Jun-20,JK,186,1,176,Jammu and Kashmir
24-Jun-20,KA,397,14,149,Karnataka
24-Jun-20,MP,187,9,138,Madhya Pradesh
24-Jun-20,PB,230,8,52,Punjab
24-Jun-20,RJ,382,10,398,Rajasthan
24-Jun-20,TG,891,5,137,Telangana
24-Jun-20,UP,664,8,470,Uttar Pradesh
24-Jun-20,UT,88,5,119,Uttarakhand
24-Jun-20,WB,445,11,484,West Bengal
24-May-20,DL,508,30,273,Delhi
24-May-20,GJ,394,29,243,Gujarat
24-May-20,JH,20,1,7,Jharkhand
24-May-20,KL,53,1,5,Kerala
24-May-20,MP,294,9,141,Madhya Pradesh
24-May-20,PB,15,1,28,Punjab
24-May-20,RJ,286,3,62,Rajasthan
24-May-20,TG,41,4,24,Telangana
24-May-20,TN,765,8,833,Tamil Nadu
24-May-20,UP,251,6,132,Uttar Pradesh
24-May-20,UT,73,2,3,Uttarakhand
24-May-20,WB,208,3,58,West Bengal
25-Apr-20,AP,61,2,26,Andhra Pradesh
25-Apr-20,DL,111,1,12,Delhi
25-Apr-20,GJ,256,6,17,Gujarat
25-Apr-20,JK,40,1,3,Jammu and Kashmir
25-Apr-20,MH,811,22,119,Maharashtra
25-Apr-20,MP,99,7,71,Madhya Pradesh
25-Apr-20,RJ,49,2,20,Rajasthan
25-Apr-20,TN,66,1,94,Tamil Nadu
25-Apr-20,UP,172,2,35,Uttar Pradesh
25-Jul-20,AS,1165,1,1294,Assam
25-Jul-20,CT,363,3,116,Chhattisgarh
25-Jul-20,GA,146,4,182,Goa
25-Jul-20,GJ,1081,22,782,Gujarat
25-Jul-20,HR,783,7,701,Haryana
25-Jul-20,JH,277,7,167,Jharkhand
25-Jul-20,JK,523,9,300,Jammu and Kashmir
25-Jul-20,KL,1103,5,1049,Kerala
25-Jul-20,LA,30,1,22,Ladakh
25-Jul-20,MP,716,8,622,Madhya Pradesh
25-Jul-20,NL,50,3,4,Nagaland
25-Jul-20,OR,1320,10,728,Odisha
25-Jul-20,PB,468,9,201,Punjab
25-Jul-20,PY,139,3,78,Puducherry
25-Jul-20,RJ,1120,11,759,Rajasthan
25-Jul-20,TG,1593,8,998,Telangana
25-Jul-20,UT,244,1,54,Uttarakhand
25-Jun-20,AP,553,7,209,Andhra Pradesh
25-Jun-20,BR,215,1,374,Bihar
25-Jun-20,GJ,577,18,410,Gujarat
25-Jun-20,HP,33,1,8,Himachal Pradesh
25-Jun-20,HR,453,10,455,Haryana
25-Jun-20,JK,127,2,149,Jammu and Kashmir
25-Jun-20,KA,442,6,519,Karnataka
25-Jun-20,MP,147,8,146,Madhya Pradesh
25-Jun-20,PB,142,7,93,Punjab
25-Jun-20,RJ,287,4,229,Rajasthan
25-Jun-20,TG,920,5,327,Telangana
25-Jun-20,UP,636,15,533,Uttar Pradesh
25-Jun-20,UT,68,1,37,Uttarakhand
25-Jun-20,WB,475,15,488,West Bengal
25-May-20,BR,163,2,31,Bihar
25-May-20,DL,635,15,231,Delhi
25-May-20,GJ,405,30,224,Gujarat
25-May-20,KA,93,2,51,Karnataka
25-May-20,MP,194,10,163,Madhya Pradesh
25-May-20,RJ,272,4,208,Rajasthan
25-May-20,TG,66,3,72,Telangana
25-May-20,TN,805,7,407,Tamil Nadu
25-May-20,UP,229,8,122,Uttar Pradesh
25-May-20,WB,149,6,75,West Bengal
26-Apr-20,GJ,230,18,31,Gujarat
26-Apr-20,KA,3,1,24,Karnataka
26-Apr-20,MH,440,19,112,Maharashtra
26-Apr-20,MP,145,4,21,Madhya Pradesh
26-Apr-20,PB,14,1,12,Punjab
26-Apr-20,RJ,102,7,116,Rajasthan
26-Apr-20,TN,64,1,60,Tamil Nadu
26-Apr-20,UP,80,3,66,Uttar Pradesh
26-Apr-20,WB,40,2,2,West Bengal
26-Jul-20,AS,1142,2,985,Assam
26-Jul-20,CT,431,4,261,Chhattisgarh
26-Jul-20,GA,175,2,230,Goa
26-Jul-20,GJ,1110,21,753,Gujarat
26-Jul-20,HP,127,1,25,Himachal Pradesh
26-Jul-20,HR,794,3,730,Haryana
26-Jul-20,JK,615,7,411,Jammu and Kashmir
26-Jul-20,KL,927,2,689,Kerala
26-Jul-20,LA,9,1,6,Ladakh
26-Jul-20,MP,874,12,644,Madhya Pradesh
26-Jul-20,OR,1376,11,864,Odisha
26-Jul-20,PB,534,15,513,Punjab
26-Jul-20,PY,133,2,84,Puducherry
26-Jul-20,RJ,1132,11,648,Rajasthan
26-Jul-20,SK,46,1,5,Sikkim
26-Jul-20,TR,37,2,152,Tripura
26-Jun-20,AP,605,10,208,Andhra Pradesh
26-Jun-20,CT,89,1,156,Chhattisgarh
26-Jun-20,GJ,580,18,532,Gujarat
26-Jun-20,HR,421,13,636,Haryana
26-Jun-20,JK,213,1,113,Jammu and Kashmir
26-Jun-20,KA,445,10,246,Karnataka
26-Jun-20,MP,203,4,185,Madhya Pradesh
26-Jun-20,PB,188,2,9,Punjab
26-Jun-20,RJ,364,1,222,Rajasthan
26-Jun-20,TG,985,7,78,Telangana
26-Jun-20,UP,750,19,464,Uttar Pradesh
26-Jun-20,UT,34,1,64,Uttarakhand
26-Jun-20,WB,542,10,345,West Bengal
26-May-20,AP,97,1,125,Andhra Pradesh
26-May-20,BR,231,1,67,Bihar
26-May-20,DL,412,12,183,Delhi
26-May-20,GJ,361,27,501,Gujarat
26-May-20,JK,91,1,24,Jammu and Kashmir
26-May-20,KL,67,1,10,Kerala
26-May-20,MP,165,5,118,Madhya Pradesh
26-May-20,RJ,236,3,220,Rajasthan
26-May-20,TG,112,1,120,Telangana
26-May-20,TN,646,11,611,Tamil Nadu
26-May-20,UP,227,8,164,Uttar Pradesh
26-May-20,WB,193,5,72,West Bengal
27-Apr-20,GJ,247,11,81,Gujarat
27-Apr-20,JK,23,1,27,Jammu and Kashmir
27-Apr-20,KA,9,1,11,Karnataka
27-Apr-20,MH,522,27,94,Maharashtra
27-Apr-20,MP,75,7,55,Madhya Pradesh
27-Apr-20,PB,8,1,14,Punjab
27-Apr-20,RJ,77,9,115,Rajasthan
27-Apr-20,UP,113,1,72,Uttar Pradesh
27-Jul-20,AN,20,1,12,Andaman and Nicobar Islands
27-Jul-20,AS,1348,7,1362,Assam
27-Jul-20,BR,2192,6,1536,Bihar
27-Jul-20,CH,23,1,3,Chandigarh
27-Jul-20,CT,367,2,228,Chhattisgarh
27-Jul-20,DL,613,26,1497,Delhi
27-Jul-20,GA,258,1,133,Goa
27-Jul-20,GJ,1052,22,1015,Gujarat
27-Jul-20,HR,795,5,662,Haryana
27-Jul-20,JH,454,7,101,Jharkhand
27-Jul-20,JK,470,9,474,Jammu and Kashmir
27-Jul-20,KL,702,2,745,Kerala
27-Jul-20,MP,789,9,659,Madhya Pradesh
27-Jul-20,NL,46,1,20,Nagaland
27-Jul-20,OR,1503,7,581,Odisha
27-Jul-20,PB,551,12,254,Punjab
27-Jul-20,PY,85,3,75,Puducherry
27-Jul-20,RJ,1134,9,880,Rajasthan
27-Jul-20,TG,1473,8,774,Telangana
27-Jul-20,TR,147,4,105,Tripura
27-Jul-20,UT,224,3,109,Uttarakhand
27-Jun-20,AP,796,11,284,Andhra Pradesh
27-Jun-20,AS,246,1,567,Assam
27-Jun-20,BR,302,2,261,Bihar
27-Jun-20,GJ,615,18,379,Gujarat
27-Jun-20,HR,543,7,456,Haryana
27-Jun-20,JK,204,2,145,Jammu and Kashmir
27-Jun-20,KA,918,11,371,Karnataka
27-Jun-20,MP,167,4,167,Madhya Pradesh
27-Jun-20,OR,170,1,184,Odisha
27-Jun-20,PB,99,6,119,Punjab
27-Jun-20,PY,85,1,18,Puducherry
27-Jun-20,RJ,284,11,305,Rajasthan
27-Jun-20,TG,1087,6,162,Telangana
27-Jun-20,UP,606,19,632,Uttar Pradesh
27-Jun-20,WB,521,13,254,West Bengal
27-Mar-20,KA,9,1,2,Karnataka
27-Mar-20,MH,31,1,18,Maharashtra
27-May-20,AP,134,1,48,Andhra Pradesh
27-May-20,BR,68,1,118,Bihar
27-May-20,DL,792,15,310,Delhi
27-May-20,GJ,376,23,410,Gujarat
27-May-20,HP,26,2,3,Himachal Pradesh
27-May-20,HR,76,2,14,Haryana
27-May-20,JK,162,2,21,Jammu and Kashmir
27-May-20,KA,135,3,17,Karnataka
27-May-20,MP,237,8,238,Madhya Pradesh
27-May-20,RJ,280,3,286,Rajasthan
27-May-20,TG,107,6,37,Telangana
27-May-20,TN,817,6,567,Tamil Nadu
27-May-20,UP,267,5,167,Uttar Pradesh
27-May-20,WB,183,6,92,West Bengal
28-Apr-20,GJ,226,19,40,Gujarat
28-Apr-20,JK,19,1,12,Jammu and Kashmir
28-Apr-20,MH,728,31,106,Maharashtra
28-Apr-20,MP,222,10,16,Madhya Pradesh
28-Apr-20,RJ,102,2,26,Rajasthan
28-Apr-20,TN,121,1,54,Tamil Nadu
28-Apr-20,UP,67,3,63,Uttar Pradesh
28-Apr-20,WB,48,2,4,West Bengal
28-Jul-20,AS,1371,2,1216,Assam
28-Jul-20,CT,306,1,267,Chhattisgarh
28-Jul-20,DL,1056,28,1135,Delhi
28-Jul-20,GJ,1108,24,1032,Gujarat
28-Jul-20,HR,749,9,712,Haryana
28-Jul-20,JH,760,4,179,Jharkhand
28-Jul-20,JK,489,12,483,Jammu and Kashmir
28-Jul-20,KL,1167,4,679,Kerala
28-Jul-20,MP,628,10,552,Madhya Pradesh
28-Jul-20,OR,1215,8,687,Odisha
28-Jul-20,PB,609,18,688,Punjab
28-Jul-20,PY,139,4,62,Puducherry
28-Jul-20,RJ,1072,11,483,Rajasthan
28-Jul-20,TG,1610,9,803,Telangana
28-Jul-20,TR,221,4,154,Tripura
28-Jul-20,UT,259,4,45,Uttarakhand
28-Jun-20,AP,813,12,428,Andhra Pradesh
28-Jun-20,AS,327,1,274,Assam
28-Jun-20,BR,244,4,226,Bihar
28-Jun-20,GA,70,1,58,Goa
28-Jun-20,GJ,624,19,391,Gujarat
28-Jun-20,HR,402,5,445,Haryana
28-Jun-20,JK,127,1,91,Jammu and Kashmir
28-Jun-20,KA,1267,16,220,Karnataka
28-Jun-20,MP,221,7,113,Madhya Pradesh
28-Jun-20,OR,264,3,137,Odisha
28-Jun-20,PB,160,5,206,Punjab
28-Jun-20,PY,29,1,31,Puducherry
28-Jun-20,RJ,327,8,244,Rajasthan
28-Jun-20,TG,983,4,244,Telangana
28-Jun-20,UP,598,11,593,Uttar Pradesh
28-Jun-20,UT,32,1,109,Uttarakhand
28-Jun-20,WB,572,10,404,West Bengal
28-Mar-20,KL,6,1,1,Kerala
28-Mar-20,MH,30,2,6,Maharashtra
28-May-20,AP,128,1,68,Andhra Pradesh
28-May-20,DL,1024,13,231,Delhi
28-May-20,GJ,367,22,454,Gujarat
28-May-20,HR,123,1,43,Haryana
28-May-20,JK,115,1,5,Jammu and Kashmir
28-May-20,KL,85,1,3,Kerala
28-May-20,MP,192,8,123,Madhya Pradesh
28-May-20,RJ,251,7,253,Rajasthan
28-May-20,TG,117,4,24,Telangana
28-May-20,TN,827,12,639,Tamil Nadu
28-May-20,UP,179,15,224,Uttar Pradesh
28-May-20,WB,344,6,90,West Bengal
29-Apr-20,DL,125,2,14,Delhi
29-Apr-20,GJ,308,16,93,Gujarat
29-Apr-20,KA,12,1,9,Karnataka
29-Apr-20,MH,597,32,205,Maharashtra
29-Apr-20,MP,173,10,88,Madhya Pradesh
29-Apr-20,RJ,76,3,44,Rajasthan
29-Apr-20,TN,104,2,82,Tamil Nadu
29-Apr-20,UP,81,5,48,Uttar Pradesh
29-Jul-20,AN,65,1,5,Andaman and Nicobar Islands
29-Jul-20,AS,1348,4,1214,Assam
29-Jul-20,BR,2328,4,1284,Bihar
29-Jul-20,CT,314,4,197,Chhattisgarh
29-Jul-20,DL,1035,26,1126,Delhi
29-Jul-20,GA,202,3,189,Goa
29-Jul-20,GJ,1144,24,783,Gujarat
29-Jul-20,HR,755,7,662,Haryana
29-Jul-20,JH,331,5,77,Jharkhand
29-Jul-20,JK,540,15,437,Jammu and Kashmir
29-Jul-20,KL,903,1,641,Kerala
29-Jul-20,LA,20,2,13,Ladakh
29-Jul-20,MN,141,1,38,Manipur
29-Jul-20,MP,917,14,591,Madhya Pradesh
29-Jul-20,OR,1068,6,878,Odisha
29-Jul-20,PB,568,25,461,Punjab
29-Jul-20,RJ,1144,10,992,Rajasthan
29-Jul-20,TG,1764,12,842,Telangana
29-Jul-20,UT,279,2,91,Uttarakhand
29-Jun-20,AP,793,11,324,Andhra Pradesh
29-Jun-20,BR,394,1,218,Bihar
29-Jun-20,GJ,626,19,440,Gujarat
29-Jun-20,HR,381,9,585,Haryana
29-Jun-20,JH,62,3,56,Jharkhand
29-Jun-20,JK,144,1,269,Jammu and Kashmir
29-Jun-20,KA,1105,19,176,Karnataka
29-Jun-20,KL,122,1,79,Kerala
29-Jun-20,MP,184,7,115,Madhya Pradesh
29-Jun-20,OR,245,2,203,Odisha
29-Jun-20,PB,202,5,238,Punjab
29-Jun-20,RJ,389,6,310,Rajasthan
29-Jun-20,TG,975,6,410,Telangana
29-Jun-20,UP,681,12,698,Uttar Pradesh
29-Jun-20,UT,8,1,93,Uttarakhand
29-Jun-20,WB,624,14,526,West Bengal
29-Mar-20,GJ,8,1,1,Gujarat
29-May-20,AP,85,1,101,Andhra Pradesh
29-May-20,CT,17,1,17,Chhattisgarh
29-May-20,GJ,372,20,608,Gujarat
29-May-20,JH,82,1,63,Jharkhand
29-May-20,JK,128,1,16,Jammu and Kashmir
29-May-20,KA,248,1,60,Karnataka
29-May-20,KL,62,1,10,Kerala
29-May-20,MP,192,13,219,Madhya Pradesh
29-May-20,OR,63,2,90,Odisha
29-May-20,PB,39,2,3,Punjab
29-May-20,RJ,298,4,429,Rajasthan
29-May-20,TG,169,4,36,Telangana
29-May-20,TN,874,9,765,Tamil Nadu
29-May-20,UP,275,4,195,Uttar Pradesh
29-May-20,WB,277,7,107,West Bengal
30-Apr-20,DL,76,3,2,Delhi
30-Apr-20,GJ,313,17,86,Gujarat
30-Apr-20,HR,28,1,10,Haryana
30-Apr-20,KA,30,1,13,Karnataka
30-Apr-20,MH,583,27,180,Maharashtra
30-Apr-20,MP,65,7,21,Madhya Pradesh
30-Apr-20,PB,105,1,3,Punjab
30-Apr-20,RJ,144,3,79,Rajasthan
30-Apr-20,TG,22,3,33,Telangana
30-Apr-20,UP,77,1,41,Uttar Pradesh
30-Apr-20,WB,33,11,5,West Bengal
30-Jul-20,AS,2112,2,1248,Assam
30-Jul-20,BR,2082,12,1169,Bihar
30-Jul-20,CT,256,1,285,Chhattisgarh
30-Jul-20,DL,1093,29,1091,Delhi
30-Jul-20,GA,215,3,221,Goa
30-Jul-20,GJ,1159,22,879,Gujarat
30-Jul-20,HR,623,4,920,Haryana
30-Jul-20,JH,505,4,115,Jharkhand
30-Jul-20,JK,450,17,520,Jammu and Kashmir
30-Jul-20,KL,506,2,794,Kerala
30-Jul-20,LA,31,1,14,Ladakh
30-Jul-20,MN,47,3,19,Manipur
30-Jul-20,MP,834,13,723,Madhya Pradesh
30-Jul-20,OR,1203,10,807,Odisha
30-Jul-20,PB,510,9,296,Punjab
30-Jul-20,PY,121,1,84,Puducherry
30-Jul-20,RJ,1156,13,922,Rajasthan
30-Jul-20,TG,1811,13,821,Telangana
30-Jul-20,UT,199,4,185,Uttarakhand
30-Jun-20,AP,704,7,279,Andhra Pradesh
30-Jun-20,AS,613,1,314,Assam
30-Jun-20,BR,370,5,170,Bihar
30-Jun-20,GJ,620,20,422,Gujarat
30-Jun-20,HP,11,1,19,Himachal Pradesh
30-Jun-20,HR,338,4,470,Haryana
30-Jun-20,JK,260,6,137,Jammu and Kashmir
30-Jun-20,KA,947,20,235,Karnataka
30-Jun-20,KL,131,1,75,Kerala
30-Jun-20,MP,223,8,196,Madhya Pradesh
30-Jun-20,OR,206,2,243,Odisha
30-Jun-20,PB,150,6,103,Punjab
30-Jun-20,PY,24,1,10,Puducherry
30-Jun-20,RJ,348,8,299,Rajasthan
30-Jun-20,UP,664,25,578,Uttar Pradesh
30-Jun-20,UT,50,2,120,Uttarakhand
30-Jun-20,WB,652,15,411,West Bengal
30-Mar-20,GJ,7,1,2,Gujarat
30-Mar-20,MH,17,2,14,Maharashtra
30-Mar-20,TG,7,5,13,Telangana
30-May-20,BR,206,6,102,Bihar
30-May-20,DL,1163,18,229,Delhi
30-May-20,GJ,412,27,621,Gujarat
30-May-20,HR,202,1,31,Haryana
30-May-20,KA,141,1,103,Karnataka
30-May-20,KL,58,1,10,Kerala
30-May-20,MP,246,9,175,Madhya Pradesh
30-May-20,PB,36,2,18,Punjab
30-May-20,RJ,252,9,495,Rajasthan
30-May-20,TG,74,6,31,Telangana
30-May-20,TN,938,6,687,Tamil Nadu
30-May-20,UP,256,12,241,Uttar Pradesh
30-May-20,WB,317,7,195,West Bengal
31-Jul-20,AN,78,2,13,Andaman and Nicobar Islands
31-Jul-20,AS,1862,4,1277,Assam
31-Jul-20,CH,35,1,20,Chandigarh
31-Jul-20,CT,336,3,309,Chhattisgarh
31-Jul-20,DL,1195,27,1206,Delhi
31-Jul-20,GA,209,3,206,Goa
31-Jul-20,GJ,1153,22,833,Gujarat
31-Jul-20,HR,711,4,887,Haryana
31-Jul-20,JH,915,3,167,Jharkhand
31-Jul-20,JK,490,12,375,Jammu and Kashmir
31-Jul-20,KL,1310,3,864,Kerala
31-Jul-20,MN,116,1,17,Manipur
31-Jul-20,MP,838,10,614,Madhya Pradesh
31-Jul-20,OR,1499,9,772,Odisha
31-Jul-20,PB,663,16,225,Punjab
31-Jul-20,PY,174,1,142,Puducherry
31-Jul-20,RJ,1147,13,614,Rajasthan
31-Jul-20,TG,1986,14,816,Telangana
31-Jul-20,UT,118,4,172,Uttarakhand
31-Mar-20,KL,7,1,4,Kerala
31-Mar-20,WB,15,1,3,West Bengal
31-May-20,AP,110,2,51,Andhra Pradesh
31-May-20,BR,242,2,209,Bihar
31-May-20,GJ,438,31,689,Gujarat
31-May-20,KA,299,2,221,Karnataka
31-May-20,MP,198,7,398,Madhya Pradesh
31-May-20,PB,30,1,20,Punjab
31-May-20,RJ,214,1,293,Rajasthan
31-May-20,TG,199,5,16,Telangana
31-May-20,TN,1149,13,757,Tamil Nadu
31-May-20,UP,374,4,192,Uttar Pradesh
31-May-20,WB,371,8,187,West Bengal
